{"cameraMode":{"drawMode":0,"name":"Shaded","section":"Shading Mode"},"sceneLighting":true,"audioPlay":false,"sceneViewState":{"m_AlwaysRefresh":false,"showFog":true,"showSkybox":true,"showFlares":true,"showImageEffects":true,"showParticleSystems":true,"showVisualEffectGraphs":true,"m_FxEnabled":true},"in2DMode":false,"pivot":{"x":-0.12333697080612183,"y":-0.26967430114746096,"z":0.4926033616065979},"rotation":{"x":0.23471547663211823,"y":0.45782217383384707,"z":-0.12670615315437318,"w":0.8480888605117798},"size":0.8660253882408142,"orthographic":false}