{"cameraMode":{"drawMode":0,"name":"Shaded","section":"Shading Mode"},"sceneLighting":true,"audioPlay":false,"sceneViewState":{"m_AlwaysRefresh":false,"showFog":true,"showSkybox":true,"showFlares":true,"showImageEffects":true,"showParticleSystems":true,"showVisualEffectGraphs":true,"m_FxEnabled":true},"in2DMode":false,"pivot":{"x":0.40262413024902346,"y":-0.2858324348926544,"z":0.3940314054489136},"rotation":{"x":0.24684466421604157,"y":0.47433584928512576,"z":-0.14051620662212373,"w":0.8332706689834595},"size":0.5660253763198853,"orthographic":false}