{"cameraMode":{"drawMode":0,"name":"Shaded","section":"Shading Mode"},"sceneLighting":false,"audioPlay":false,"sceneViewState":{"m_AlwaysRefresh":false,"showFog":true,"showSkybox":false,"showFlares":true,"showImageEffects":true,"showParticleSystems":true,"showVisualEffectGraphs":true,"m_FxEnabled":true},"in2DMode":false,"pivot":{"x":0.020555991679430009,"y":-0.03405555710196495,"z":-0.01706821285188198},"rotation":{"x":0.2915840744972229,"y":-0.22203774750232697,"z":0.06978170573711395,"w":0.9278028607368469},"size":0.1878739893436432,"orthographic":false}