{"cameraMode":{"drawMode":0,"name":"Shaded","section":"Shading Mode"},"sceneLighting":false,"audioPlay":false,"sceneViewState":{"m_AlwaysRefresh":false,"showFog":true,"showSkybox":false,"showFlares":true,"showImageEffects":true,"showParticleSystems":true,"showVisualEffectGraphs":true,"m_FxEnabled":true},"in2DMode":false,"pivot":{"x":7.450580596923828e-9,"y":0.0013625621795654297,"z":-0.03312276303768158},"rotation":{"x":0.2915840744972229,"y":-0.22203774750232697,"z":0.06978170573711395,"w":0.9278028607368469},"size":0.11529785394668579,"orthographic":false}